believers,runs,flipped_runs,flip_frequency,flip_frequency_ci_low,flip_frequency_ci_high
<50,6415,5,0.000779423226812159,0.0003329675183616963,0.0018234120883776723
50-69,162,22,0.13580246913580246,0.09142156698650611,0.1970555072077082
70-79,69,24,0.34782608695652173,0.24618141928624357,0.4655212245104243
80-89,76,37,0.4868421052631579,0.3778372877915117,0.5971130697102026
90-99,48,27,0.5625,0.42275017419827776,0.6929873095934576
100-109,49,42,0.8571428571428571,0.733322937760856,0.9290357627959324
110-129,111,101,0.9099099099099099,0.8420685326403188,0.9503282283768102
130-159,119,115,0.9663865546218487,0.9167514797298497,0.9868522471032992
>=160,951,951,1.0,0.9959768621427072,1.0
